country,matrix_group,organism,mean_pct,std_pct,max_pct,n_ab,embed_x,embed_y,cluster_id,cluster_method,embed_method
Austria,animal,C. coli,34.28333333333334,37.245971817992164,74.95,6,5.619253,9.945734,2,HDBSCAN,UMAP
Austria,animal,C. jejuni,23.69583333333333,34.98556279619733,77.1,6,1.7292769,11.446242,2,HDBSCAN,UMAP
Austria,animal,E. coli,8.203333333333333,9.511191090099123,23.5,15,6.1837835,2.9889288,1,HDBSCAN,UMAP
Austria,animal,E. coli (ESBL/AmpC),16.045,11.0025,27.0475,3,16.492512,5.0862513,0,HDBSCAN,UMAP
Austria,animal,S. Derby,13.333333333333334,35.18657752744984,100.0,15,6.060137,5.526428,1,HDBSCAN,UMAP
Austria,animal,S. Enteritidis,4.938271604938271,8.650652761124231,24.085185185185185,15,3.8184295,3.807711,1,HDBSCAN,UMAP
Austria,animal,S. Infantis,11.557732426303856,16.65643603589831,38.559863945578236,15,4.8874793,4.353964,1,HDBSCAN,UMAP
Austria,animal,S. Typhimurium,0.0,0.0,0.0,15,-0.014733335,-3.1008034,-1,HDBSCAN,UMAP
Austria,animal,S. Typhimurium (mono),20.0,41.403933560541255,100.0,15,7.2307477,7.263256,1,HDBSCAN,UMAP
Austria,animal,Salmonella spp.,8.109639751552795,10.310785936802027,29.7727950310559,15,5.3674088,3.4970095,1,HDBSCAN,UMAP
Austria,human,C. coli,34.875,40.96546309596251,85.4,4,3.9860253,10.429823,2,HDBSCAN,UMAP
Austria,human,C. jejuni,31.875,37.76430192655492,74.6,4,3.8152142,10.555784,2,HDBSCAN,UMAP
Austria,human,S. Enteritidis,6.838461538461538,12.391767324958028,33.9,13,3.8620903,3.8883102,1,HDBSCAN,UMAP
Austria,human,S. Infantis,28.199999999999996,32.18990524993822,76.2,13,4.7074237,5.668075,1,HDBSCAN,UMAP
Austria,human,S. Kentucky,56.04615384615385,29.435568489629894,85.7,13,9.051682,4.9484687,1,HDBSCAN,UMAP
Austria,human,S. Typhimurium,5.876923076923077,7.028175894942898,18.1,13,5.283794,2.7106063,1,HDBSCAN,UMAP
Austria,human,S. Typhimurium (mono),14.976923076923079,23.971863849318357,59.4,13,6.5625305,6.218992,1,HDBSCAN,UMAP
Austria,human,Salmonella spp.,7.976923076923078,8.800393347852303,23.5,13,4.859647,3.1369004,1,HDBSCAN,UMAP
Austria,meat,E. coli (ESBL/AmpC),8.02375,5.02125,13.045,3,16.465923,3.93009,0,HDBSCAN,UMAP
Belgium,animal,C. coli,37.97777777777778,33.83294690529184,85.53333333333335,6,5.3353715,9.426563,2,HDBSCAN,UMAP
Belgium,animal,C. jejuni,24.099999999999998,31.176481520530825,67.0,6,1.7495353,11.347402,2,HDBSCAN,UMAP
Belgium,animal,E. coli,15.753333333333334,17.463816561361636,47.800000000000004,15,7.92677,4.5034866,1,HDBSCAN,UMAP
Belgium,animal,E. coli (ESBL/AmpC),24.891666666666662,21.031666666666663,45.923333333333325,3,16.29644,5.316856,0,HDBSCAN,UMAP
Belgium,animal,E. faecalis,24.616402116402124,35.08470077266244,100.0,12,5.2304153,9.005316,2,HDBSCAN,UMAP
Belgium,animal,E. faecium,16.148156103252433,27.58979961201665,81.54980473834941,12,5.4746227,8.827604,2,HDBSCAN,UMAP
Belgium,animal,S. Derby,8.879999999999999,10.446475824068953,33.3,15,6.6182785,2.9938302,1,HDBSCAN,UMAP
Belgium,animal,S. Enteritidis,1.4822222222222223,4.088385924897437,15.566666666666668,15,3.8325963,2.8242214,1,HDBSCAN,UMAP
Belgium,animal,S. Infantis,31.313131313131315,34.978426413997035,81.81818181818183,15,5.169471,5.6946063,1,HDBSCAN,UMAP
Belgium,animal,S. Typhimurium,14.723333333333333,26.858523963982265,75.0,15,6.3410845,5.906745,1,HDBSCAN,UMAP
Belgium,animal,S. Typhimurium (mono),23.09666666666667,35.358583857119505,89.3,15,8.257052,6.2858872,1,HDBSCAN,UMAP
Belgium,animal,Salmonella spp.,12.4945925382263,16.345311145423487,51.63577981651376,15,7.6663,3.7063656,1,HDBSCAN,UMAP
Belgium,human,S. Derby,1.4363636363636365,3.400668383501316,10.5,11,3.7010925,3.4854538,1,HDBSCAN,UMAP
Belgium,human,S. Enteritidis,4.409090909090909,7.032702829702751,23.7,11,3.8471832,3.408524,1,HDBSCAN,UMAP
Belgium,human,S. Infantis,14.081818181818182,13.333628027046364,41.2,11,6.7500587,4.092011,1,HDBSCAN,UMAP
Belgium,human,S. Kentucky,40.400000000000006,29.943279713484962,88.9,11,9.003743,5.007215,1,HDBSCAN,UMAP
Belgium,human,S. Typhimurium,17.563636363636363,21.5560326928344,65.9,11,7.932382,4.5633354,1,HDBSCAN,UMAP
Belgium,human,S. Typhimurium (mono),27.272727272727273,32.02839649152267,76.0,11,7.378944,6.8354745,1,HDBSCAN,UMAP
Belgium,human,Salmonella spp.,13.70909090909091,12.58733129344378,32.7,11,6.8500004,3.9822333,1,HDBSCAN,UMAP
Belgium,meat,E. coli,23.333333333333332,25.81988897471611,75.0,15,9.0076475,4.8607717,1,HDBSCAN,UMAP
Belgium,meat,E. coli (ESBL/AmpC),6.934583333333333,5.283769714496776,12.21,3,16.416468,3.917176,0,HDBSCAN,UMAP
Bulgaria,animal,C. coli,30.308333333333334,29.396350397058928,67.35,6,5.41073,9.886627,2,HDBSCAN,UMAP
Bulgaria,animal,C. jejuni,23.5,35.747727200480874,91.0,6,1.9654443,11.536787,2,HDBSCAN,UMAP
Bulgaria,animal,E. coli,26.706666666666667,28.72395010307269,74.7,15,8.2655525,5.5600467,1,HDBSCAN,UMAP
Bulgaria,animal,E. coli (ESBL/AmpC),14.251123426382046,8.95802258230638,22.237499999999997,3,16.505962,5.0739794,0,HDBSCAN,UMAP
Bulgaria,animal,S. Derby,9.333333333333334,12.79880946844369,40.0,15,5.655821,4.149431,1,HDBSCAN,UMAP
Bulgaria,animal,S. Enteritidis,10.0,20.701966780270627,50.0,15,4.2285748,4.2680464,1,HDBSCAN,UMAP
Bulgaria,animal,S. Infantis,33.333333333333336,48.795003647426654,100.0,15,4.8967724,4.5515084,1,HDBSCAN,UMAP
Bulgaria,animal,S. Typhimurium,8.893333333333334,20.773281832566518,66.7,15,5.9622912,5.3519783,1,HDBSCAN,UMAP
Bulgaria,animal,S. Typhimurium (mono),6.666666666666667,15.16837248387327,50.0,15,5.931227,4.3973703,1,HDBSCAN,UMAP
Bulgaria,animal,Salmonella spp.,13.111111111111112,21.47730683756017,74.76666666666667,15,4.840329,4.3670216,1,HDBSCAN,UMAP
Bulgaria,human,C. jejuni,30.660000000000004,43.6024999283298,93.3,5,3.814839,11.713854,2,HDBSCAN,UMAP
Bulgaria,human,S. Typhimurium,10.0,25.4195563720897,70.0,14,5.9593143,5.4364114,1,HDBSCAN,UMAP
Bulgaria,human,Salmonella spp.,7.942857142857142,12.080863079567317,36.1,14,5.448065,3.628669,1,HDBSCAN,UMAP
Bulgaria,meat,E. coli (ESBL/AmpC),6.233853177866877,3.5709479854977277,9.58125,3,17.261238,3.8807647,0,HDBSCAN,UMAP
Croatia,animal,C. coli,30.46666666666667,36.431873636510474,82.825,6,4.4020567,10.122593,2,HDBSCAN,UMAP
Croatia,animal,C. jejuni,24.711111111111112,36.835958679690314,85.36666666666667,6,1.9151119,11.582774,2,HDBSCAN,UMAP
Croatia,animal,E. coli,15.199999999999998,17.23562807094653,42.175,15,7.553584,4.6291547,1,HDBSCAN,UMAP
Croatia,animal,E. coli (ESBL/AmpC),8.212598671904226,4.8933974266941185,12.923337542087541,3,17.014921,4.1180887,0,HDBSCAN,UMAP
Croatia,animal,S. Derby,7.333333333333333,11.317916685293195,25.0,15,6.993291,3.1580927,1,HDBSCAN,UMAP
Croatia,animal,S. Enteritidis,3.2098765432098757,7.777357845386585,22.222222222222218,15,3.6492994,3.7116463,1,HDBSCAN,UMAP
Croatia,animal,S. Infantis,5.694444444444445,10.909947344428435,31.25,15,3.790555,3.9020886,1,HDBSCAN,UMAP
Croatia,animal,S. Typhimurium,18.333333333333332,30.56998216427039,75.0,15,7.378497,6.9171715,1,HDBSCAN,UMAP
Croatia,animal,S. Typhimurium (mono),25.56666666666667,37.167490915481245,100.0,15,7.6467752,6.929564,1,HDBSCAN,UMAP
Croatia,animal,Salmonella spp.,7.959450980392156,9.271668205518958,22.305882352941175,15,5.955631,2.9642284,1,HDBSCAN,UMAP
Croatia,human,S. Enteritidis,4.725,4.0574006457336695,8.8,4,6.3238335,1.1246477,1,HDBSCAN,UMAP
Croatia,human,S. Typhimurium,20.975,17.628268018535834,43.8,4,7.091042,4.219818,1,HDBSCAN,UMAP
Croatia,human,Salmonella spp.,9.2,6.793133788367977,16.7,4,6.3749065,1.3225349,1,HDBSCAN,UMAP
Croatia,meat,E. coli,32.0,41.95235392680606,100.0,15,7.991004,5.472928,1,HDBSCAN,UMAP
Croatia,meat,E. coli (ESBL/AmpC),3.0722222222222224,1.8620660071046933,4.665,3,18.20376,3.420813,0,HDBSCAN,UMAP
Cyprus,animal,C. coli,35.7,34.38908256990872,77.9,6,5.211701,9.169237,2,HDBSCAN,UMAP
Cyprus,animal,C. jejuni,31.191666666666674,44.19196099593982,90.45,6,1.8757128,11.620003,2,HDBSCAN,UMAP
Cyprus,animal,E. coli,28.459999999999997,28.278431962994595,75.65,15,8.628674,5.2691565,1,HDBSCAN,UMAP
Cyprus,animal,E. coli (ESBL/AmpC),8.780000000000001,6.480997222650231,14.16,3,16.852322,4.0639343,0,HDBSCAN,UMAP
Cyprus,animal,S. Enteritidis,0.0,0.0,0.0,15,-0.034292545,-3.0420306,-1,HDBSCAN,UMAP
Cyprus,animal,S. Infantis,24.447777777777777,37.733542016642076,83.35,15,4.6932197,5.7287946,1,HDBSCAN,UMAP
Cyprus,animal,S. Kentucky,35.0,45.11889056386788,100.0,15,8.702448,5.5988803,1,HDBSCAN,UMAP
Cyprus,animal,Salmonella spp.,16.779999999999998,19.84757711813504,48.9,15,7.525395,4.775592,1,HDBSCAN,UMAP
Cyprus,human,C. jejuni,57.6,50.996862648598295,97.0,3,4.006551,10.397277,2,HDBSCAN,UMAP
Cyprus,human,S. Enteritidis,4.514285714285714,11.943677347091581,31.6,7,6.3543935,1.0393585,1,HDBSCAN,UMAP
Cyprus,human,S. Typhimurium,6.728571428571429,15.358679878786708,41.2,7,6.4471993,1.290749,1,HDBSCAN,UMAP
Cyprus,human,Salmonella spp.,7.3428571428571425,8.881789823914461,21.2,7,6.321617,1.2491372,1,HDBSCAN,UMAP
Cyprus,meat,E. coli (ESBL/AmpC),2.624074074074074,2.129309959904803,4.316666666666666,3,18.228941,3.3720558,0,HDBSCAN,UMAP
Czechia,animal,C. coli,25.15833333333333,31.14922818733502,70.1,6,4.3987684,10.415658,2,HDBSCAN,UMAP
Czechia,animal,C. jejuni,27.88333333333333,40.72541794342529,88.3,6,1.8611708,11.557951,2,HDBSCAN,UMAP
Czechia,animal,E. coli,14.360000000000001,17.7510884978117,45.449999999999996,15,7.4928856,4.6178336,1,HDBSCAN,UMAP
Czechia,animal,E. coli (ESBL/AmpC),21.116666666666667,1.9000548237704427,23.025,3,16.84094,5.2737675,0,HDBSCAN,UMAP
Czechia,animal,S. Derby,5.333333333333333,9.15475416434127,20.0,15,6.3917837,2.5932496,1,HDBSCAN,UMAP
Czechia,animal,S. Enteritidis,3.1159420289855078,6.552549719192239,18.695652173913047,15,3.6820507,3.5116563,1,HDBSCAN,UMAP
Czechia,animal,S. Infantis,26.666666666666668,40.473389258811004,100.0,15,4.4364433,5.4286427,1,HDBSCAN,UMAP
Czechia,animal,S. Typhimurium,0.0,0.0,0.0,15,-0.0043514585,-3.0573163,-1,HDBSCAN,UMAP
Czechia,animal,S. Typhimurium (mono),20.0,41.403933560541255,100.0,15,7.252331,7.2307467,1,HDBSCAN,UMAP
Czechia,animal,Salmonella spp.,6.416181434599157,10.112594488521603,28.36139240506329,15,3.8583455,3.8162863,1,HDBSCAN,UMAP
Czechia,human,S. Enteritidis,4.56923076923077,11.993219238065638,43.2,13,6.085527,0.7435192,1,HDBSCAN,UMAP
Czechia,human,S. Infantis,17.799999999999997,19.565914238798044,62.5,13,8.729503,4.52149,1,HDBSCAN,UMAP
Czechia,human,S. Typhimurium,7.699999999999999,12.289426349508751,31.3,13,6.278548,1.0037136,1,HDBSCAN,UMAP
Czechia,human,S. Typhimurium (mono),15.384615384615385,31.784530990033662,100.0,13,6.778978,6.6170144,1,HDBSCAN,UMAP
Czechia,human,Salmonella spp.,7.269230769230769,7.88092471471301,24.5,13,6.1437206,1.1587931,1,HDBSCAN,UMAP
Czechia,meat,E. coli (ESBL/AmpC),7.522916666666666,4.4862558047700904,12.004999999999999,3,16.431192,3.923292,0,HDBSCAN,UMAP
Denmark,animal,C. coli,21.46666666666667,21.00410541880907,55.76666666666667,6,6.5706325,5.0276065,1,HDBSCAN,UMAP
Denmark,animal,C. jejuni,7.808333333333334,11.301478516843124,28.7,6,0.801451,11.325994,2,HDBSCAN,UMAP
Denmark,animal,E. coli,6.524444444444444,8.779968784218532,25.099999999999998,15,6.3748703,2.766398,1,HDBSCAN,UMAP
Denmark,animal,E. coli (ESBL/AmpC),3.7151902242378427,2.686499732976521,6.0633333333333335,3,17.757412,4.06869,0,HDBSCAN,UMAP
Denmark,animal,E. faecalis,22.701149425287355,35.183151733692036,100.0,12,5.4933543,8.853123,2,HDBSCAN,UMAP
Denmark,animal,E. faecium,4.558333333333334,10.647958262104297,37.1,12,5.5349073,3.2016222,1,HDBSCAN,UMAP
Denmark,animal,S. Derby,5.666666666666667,9.086227149346632,22.5,15,6.403201,2.581492,1,HDBSCAN,UMAP
Denmark,animal,S. Infantis,0.0,0.0,0.0,15,-0.01571812,-3.009619,-1,HDBSCAN,UMAP
Denmark,animal,S. Typhimurium,13.333333333333334,19.102904291781194,50.0,15,8.164294,4.776625,1,HDBSCAN,UMAP
Denmark,animal,S. Typhimurium (mono),21.073333333333334,34.29494895475897,87.1,15,7.4245524,7.069269,1,HDBSCAN,UMAP
Denmark,animal,Salmonella spp.,5.15956,6.363198301034292,15.76,15,4.0951595,2.7613826,1,HDBSCAN,UMAP
Denmark,human,C. coli,36.2,38.02569306841538,72.4,4,4.127814,9.933238,2,HDBSCAN,UMAP
Denmark,human,C. jejuni,16.3,20.89002951968554,43.7,4,2.7218943,10.724559,2,HDBSCAN,UMAP
Denmark,human,S. Typhimurium,12.46153846153846,24.650068913410717,68.5,13,5.951813,5.4306426,1,HDBSCAN,UMAP
Denmark,human,S. Typhimurium (mono),9.578571428571427,14.339841141241557,39.1,14,6.0239315,3.5234737,1,HDBSCAN,UMAP
Denmark,human,Salmonella spp.,8.053846153846154,11.340386191587966,32.7,13,5.759076,3.6514525,1,HDBSCAN,UMAP
Denmark,meat,E. coli (ESBL/AmpC),4.014195156695157,2.5528846217634253,6.835000000000001,3,17.944231,3.6914089,0,HDBSCAN,UMAP
Estonia,animal,C. coli,17.250000000000004,30.594166110551207,75.7,6,1.4715093,11.245847,2,HDBSCAN,UMAP
Estonia,animal,C. jejuni,10.741666666666667,19.752276240136645,49.05,6,1.1298211,11.286314,2,HDBSCAN,UMAP
Estonia,animal,E. coli,8.34,9.854335521557433,23.15,15,5.7414117,3.086844,1,HDBSCAN,UMAP
Estonia,animal,E. coli (ESBL/AmpC),15.241944444444442,7.364136270416188,23.6725,3,16.870415,5.2401247,0,HDBSCAN,UMAP
Estonia,animal,S. Derby,14.166666666666666,17.59328876372492,37.5,15,6.745567,4.581514,1,HDBSCAN,UMAP
Estonia,animal,S. Typhimurium (mono),22.666666666666668,40.6143301006407,100.0,15,7.2623105,7.230406,1,HDBSCAN,UMAP
Estonia,animal,Salmonella spp.,4.161666666666667,5.789552371873552,14.275,15,4.899768,1.7837809,1,HDBSCAN,UMAP
Estonia,human,C. coli,43.725,41.46953701212493,87.5,4,4.249878,9.863618,2,HDBSCAN,UMAP
Estonia,human,C. jejuni,38.875,40.80885320613653,80.8,4,4.1197386,10.041508,2,HDBSCAN,UMAP
Estonia,human,S. Enteritidis,8.635714285714286,17.20937164824656,47.9,14,3.4615517,2.7379622,1,HDBSCAN,UMAP
Estonia,human,S. Typhimurium,2.8500000000000005,5.663343671230057,13.3,14,4.5074525,1.2453088,1,HDBSCAN,UMAP
Estonia,human,S. Typhimurium (mono),17.607142857142858,27.487156841128385,73.3,14,6.917172,6.681404,1,HDBSCAN,UMAP
Estonia,human,Salmonella spp.,8.264285714285716,9.216757910112772,26.1,14,4.3522863,3.024962,1,HDBSCAN,UMAP
Estonia,meat,E. coli (ESBL/AmpC),7.916064814814814,4.096301295592104,12.19625,3,17.201149,4.2036743,0,HDBSCAN,UMAP
Finland,animal,C. coli,2.3333333333333335,5.569799517636759,13.7,6,0.7643512,11.363549,2,HDBSCAN,UMAP
Finland,animal,C. jejuni,6.008333333333334,14.257012894244948,35.1,6,0.8261053,11.333889,2,HDBSCAN,UMAP
Finland,animal,E. coli,2.693333333333334,4.149563947257706,13.25,15,4.6339707,1.3443508,1,HDBSCAN,UMAP
Finland,animal,E. coli (ESBL/AmpC),1.8325000000000002,1.3325,3.165,3,18.044674,3.6462488,0,HDBSCAN,UMAP
Finland,animal,Salmonella spp.,0.0,0.0,0.0,15,-0.063080214,-3.0572188,-1,HDBSCAN,UMAP
Finland,human,C. coli,50.79999999999999,33.6513001234722,81.3,3,4.309846,9.610945,2,HDBSCAN,UMAP
Finland,human,C. jejuni,29.53333333333333,28.41150001906505,58.4,3,3.1097443,10.738507,2,HDBSCAN,UMAP
Finland,human,S. Enteritidis,7.3999999999999995,14.683919776408477,33.3,9,4.6468163,3.8812346,1,HDBSCAN,UMAP
Finland,human,S. Typhimurium,1.588888888888889,3.1434234698988797,9.5,9,5.6048675,2.0399094,1,HDBSCAN,UMAP
Finland,human,S. Typhimurium (mono),34.25555555555556,39.200545631123276,100.0,9,7.002973,6.8029265,1,HDBSCAN,UMAP
Finland,human,Salmonella spp.,8.433333333333332,8.839966063283276,20.0,9,5.3418937,3.0400927,1,HDBSCAN,UMAP
Finland,meat,E. coli (ESBL/AmpC),0.07875,0.07875,0.1575,3,18.434578,2.6727252,0,HDBSCAN,UMAP
France,animal,C. coli,29.670833333333334,34.68145547935765,88.725,6,4.6595006,9.757522,2,HDBSCAN,UMAP
France,animal,C. jejuni,19.877777777777776,27.777038212376997,57.23333333333333,6,1.7446756,11.266732,2,HDBSCAN,UMAP
France,animal,E. coli,12.138333333333332,15.598708928565058,43.075,15,7.6965833,3.943708,1,HDBSCAN,UMAP
France,animal,E. coli (ESBL/AmpC),3.446150793650794,1.2755440423327067,4.9175,3,18.038885,3.6301997,0,HDBSCAN,UMAP
France,animal,S. Derby,5.413333333333332,13.124070942174843,40.6,15,5.7954974,4.1021223,1,HDBSCAN,UMAP
France,animal,S. Enteritidis,0.0,0.0,0.0,15,-0.01458301,-3.0953066,-1,HDBSCAN,UMAP
France,animal,S. Infantis,0.0,0.0,0.0,15,-0.07370709,-3.101908,-1,HDBSCAN,UMAP
France,animal,S. Kentucky,0.0,0.0,0.0,15,-0.020275516,-3.014844,-1,HDBSCAN,UMAP
France,animal,S. Typhimurium,17.779999999999998,27.80355064684057,66.7,15,7.7491827,6.4970016,1,HDBSCAN,UMAP
France,animal,S. Typhimurium (mono),12.873333333333333,25.010768157126314,84.5,15,6.474869,6.2967863,1,HDBSCAN,UMAP
France,animal,Salmonella spp.,5.713226976744186,7.47899659746984,26.819911627906976,15,4.8668337,2.7346563,1,HDBSCAN,UMAP
France,human,C. coli,29.8,37.947068397967186,78.8,5,3.7569568,11.645566,2,HDBSCAN,UMAP
France,human,C. jejuni,19.6,27.801528734945492,59.8,5,3.7657452,11.65355,2,HDBSCAN,UMAP
France,human,S. Derby,4.55,9.936548696604873,36.4,14,5.370398,3.3159578,1,HDBSCAN,UMAP
France,human,S. Enteritidis,3.1428571428571432,5.502546862864685,14.8,14,3.715218,3.0077193,1,HDBSCAN,UMAP
France,human,S. Infantis,4.542857142857143,5.040865964328914,13.6,14,4.7813396,1.7753485,1,HDBSCAN,UMAP
France,human,S. Kentucky,35.50000000000001,32.52880380406075,85.4,14,8.706923,5.1222544,1,HDBSCAN,UMAP
France,human,S. Typhimurium,5.992857142857143,7.875127768019853,21.0,14,5.932227,2.9891415,1,HDBSCAN,UMAP
France,human,S. Typhimurium (mono),18.92142857142857,32.78426401542312,83.0,14,7.1111035,6.959859,1,HDBSCAN,UMAP
France,human,Salmonella spp.,9.485714285714286,9.422873736315768,23.5,14,4.974023,2.9634311,1,HDBSCAN,UMAP
France,meat,E. coli,8.691666666666666,10.456541299702351,36.55,15,4.890967,2.8357515,1,HDBSCAN,UMAP
France,meat,E. coli (ESBL/AmpC),2.3115277777777776,1.254836776496508,3.5462499999999997,3,18.231524,3.3717198,0,HDBSCAN,UMAP
Germany,animal,C. coli,37.26666666666667,36.33064707195106,78.9,6,5.616015,9.848841,2,HDBSCAN,UMAP
Germany,animal,C. jejuni,20.633333333333336,26.49274271695301,54.275,6,2.438935,10.919099,2,HDBSCAN,UMAP
Germany,animal,E. coli,13.55166666666667,16.080618510078107,48.95,15,7.8042984,4.3586016,1,HDBSCAN,UMAP
Germany,animal,E. coli (ESBL/AmpC),22.239166666666666,17.611251789220812,39.855,3,16.336456,5.290769,0,HDBSCAN,UMAP
Germany,animal,E. faecalis,18.067236706849823,31.99786058663115,94.82758620689656,12,5.504288,8.793334,2,HDBSCAN,UMAP
Germany,animal,E. faecium,14.697872749231445,24.67513262138552,74.98619894598156,12,5.5187187,8.797788,2,HDBSCAN,UMAP
Germany,animal,S. Derby,4.0,8.28078671210825,20.0,15,6.3711624,2.5029938,1,HDBSCAN,UMAP
Germany,animal,S. Enteritidis,0.2111111111111111,0.8176298175326769,3.1666666666666665,15,0.04325088,-3.2060468,-1,HDBSCAN,UMAP
Germany,animal,S. Infantis,33.333333333333336,48.795003647426654,100.0,15,5.05559,5.6540775,1,HDBSCAN,UMAP
Germany,animal,S. Typhimurium,29.333333333333332,36.92979181920098,100.0,15,8.278087,6.510966,1,HDBSCAN,UMAP
Germany,animal,S. Typhimurium (mono),19.756666666666664,37.28594079478726,92.85,15,7.240547,7.249432,1,HDBSCAN,UMAP
Germany,animal,Salmonella spp.,9.23264380952381,11.254941224952146,32.107685714285715,15,4.692286,2.9282947,1,HDBSCAN,UMAP
Germany,human,C. coli,35.14,30.74789423684165,67.1,5,3.6471903,10.057986,2,HDBSCAN,UMAP
Germany,human,C. jejuni,35.74,32.72709886317454,72.3,5,3.5943253,10.04673,2,HDBSCAN,UMAP
Germany,human,S. Derby,4.618181818181818,3.829835030864432,10.0,11,5.6751647,1.9997116,1,HDBSCAN,UMAP
Germany,human,S. Enteritidis,4.2272727272727275,6.876058596185886,20.9,11,6.3266563,0.88038766,1,HDBSCAN,UMAP
Germany,human,S. Infantis,5.545454545454547,3.700098278793048,10.3,11,5.8217645,1.8209037,1,HDBSCAN,UMAP
Germany,human,S. Kentucky,51.48181818181819,29.36030715717457,84.9,11,9.0171995,5.055654,1,HDBSCAN,UMAP
Germany,human,S. Typhimurium,6.290909090909093,5.399898988954247,15.9,11,5.6729045,2.2138546,1,HDBSCAN,UMAP
Germany,human,S. Typhimurium (mono),21.681818181818183,28.164652250003662,82.7,11,7.319467,5.836811,1,HDBSCAN,UMAP
Germany,human,Salmonella spp.,6.218181818181819,4.26914937237342,11.5,11,5.7580295,1.9219309,1,HDBSCAN,UMAP
Germany,meat,E. coli,44.45333333333334,37.099901167882734,100.0,15,9.098579,4.9000096,1,HDBSCAN,UMAP
Germany,meat,E. coli (ESBL/AmpC),8.956249999999999,7.44125,16.3975,3,16.384226,3.9129407,0,HDBSCAN,UMAP
Greece,animal,C. coli,30.600000000000005,33.868466159541384,80.6,6,4.717654,9.576781,2,HDBSCAN,UMAP
Greece,animal,C. jejuni,31.833333333333332,44.731987063696,97.0,6,2.0814693,11.628863,2,HDBSCAN,UMAP
Greece,animal,E. coli,28.62333333333333,30.345703783159124,74.25,15,8.349594,5.6103578,1,HDBSCAN,UMAP
Greece,animal,E. coli (ESBL/AmpC),15.549444444444445,11.421471049121735,26.21,3,16.421753,5.2573495,0,HDBSCAN,UMAP
Greece,animal,S. Derby,6.666666666666667,17.59328876372492,50.0,15,5.903196,5.034862,1,HDBSCAN,UMAP
Greece,animal,S. Enteritidis,14.0,35.01020259459071,100.0,15,4.0881305,4.8311415,1,HDBSCAN,UMAP
Greece,animal,S. Infantis,20.416666666666668,29.695461547312856,68.75,15,4.6338334,5.577687,1,HDBSCAN,UMAP
Greece,animal,S. Kentucky,3.8133333333333335,8.04705950435727,21.45,15,3.6945107,3.6404657,1,HDBSCAN,UMAP
Greece,animal,Salmonella spp.,10.33611111111111,15.50100184507628,39.375,15,4.4580264,4.1448884,1,HDBSCAN,UMAP
Greece,human,C. coli,41.10000000000001,36.7260125796417,88.9,5,3.679385,10.087003,2,HDBSCAN,UMAP
Greece,human,C. jejuni,38.52,40.745883227634174,90.7,5,3.717084,10.196422,2,HDBSCAN,UMAP
Greece,human,S. Enteritidis,11.908333333333333,19.690489551757693,48.7,12,4.272946,4.2921777,1,HDBSCAN,UMAP
Greece,human,S. Infantis,14.908333333333337,14.855452524139737,42.1,12,7.2347155,4.2471185,1,HDBSCAN,UMAP
Greece,human,S. Typhimurium,10.025,15.82082201059443,51.2,12,5.7733035,3.9766665,1,HDBSCAN,UMAP
Greece,human,Salmonella spp.,9.200000000000001,12.658163014793692,41.7,12,5.326881,3.508088,1,HDBSCAN,UMAP
Greece,meat,E. coli (ESBL/AmpC),7.600694444444444,5.449239471867543,12.396249999999998,3,16.875551,4.0502715,0,HDBSCAN,UMAP
Hungary,animal,C. coli,29.708333333333332,33.31878474174391,72.4,6,5.235925,10.140543,2,HDBSCAN,UMAP
Hungary,animal,C. jejuni,16.25,21.832888036171486,54.85,6,2.3232472,10.921556,2,HDBSCAN,UMAP
Hungary,animal,E. coli,15.039111111111113,17.965528520654633,46.43333333333334,15,7.613796,4.551383,1,HDBSCAN,UMAP
Hungary,animal,E. coli (ESBL/AmpC),14.526608187134505,8.269126827530929,21.473333333333333,3,16.542837,5.1439586,0,HDBSCAN,UMAP
Hungary,animal,S. Derby,5.38,8.848664144539399,25.8,15,5.430764,2.9637568,1,HDBSCAN,UMAP
Hungary,animal,S. Enteritidis,3.75,8.358592670334607,26.25,15,3.6222785,3.736488,1,HDBSCAN,UMAP
Hungary,animal,S. Infantis,22.68430014430015,33.19421055120958,80.53376623376623,15,4.9714704,5.5385942,1,HDBSCAN,UMAP
Hungary,animal,S. Kentucky,32.5,47.668872742822735,100.0,15,4.5627627,5.6751785,1,HDBSCAN,UMAP
Hungary,animal,S. Typhimurium,13.319999999999999,16.88618200947576,33.3,15,6.294619,3.6097362,1,HDBSCAN,UMAP
Hungary,animal,S. Typhimurium (mono),12.5,25.877458475338283,62.5,15,6.5981774,6.3329554,1,HDBSCAN,UMAP
Hungary,animal,Salmonella spp.,13.341363636363637,19.086160610754174,50.195454545454545,15,4.658188,4.5026207,1,HDBSCAN,UMAP
Hungary,human,C. coli,44.333333333333336,45.181559660256674,91.0,3,3.9324281,10.455846,2,HDBSCAN,UMAP
Hungary,human,C. jejuni,45.46666666666667,44.185103070303384,88.6,3,3.9205048,10.40405,2,HDBSCAN,UMAP
Hungary,human,S. Derby,10.0,7.711751494382525,18.4,10,6.490178,3.5620873,1,HDBSCAN,UMAP
Hungary,human,S. Enteritidis,4.500000000000001,10.381500640830092,33.7,10,6.2179017,0.8036036,1,HDBSCAN,UMAP
Hungary,human,S. Infantis,25.920000000000005,30.95673683635851,83.2,10,4.2220697,9.777457,2,HDBSCAN,UMAP
Hungary,human,S. Typhimurium,9.379999999999999,7.33375756348681,20.4,10,5.7617397,2.516688,1,HDBSCAN,UMAP
Hungary,human,S. Typhimurium (mono),25.77,32.5231558534326,81.6,10,7.370845,5.840084,1,HDBSCAN,UMAP
Hungary,human,Salmonella spp.,15.870000000000001,15.144052738066296,40.5,10,6.936051,4.1402783,1,HDBSCAN,UMAP
Hungary,meat,E. coli (ESBL/AmpC),9.786611952861954,5.611693492117066,14.228750000000002,3,16.814209,4.205086,0,HDBSCAN,UMAP
Iceland,animal,C. coli,13.166666666666666,32.25161494664518,79.0,6,1.3959904,11.425297,2,HDBSCAN,UMAP
Iceland,animal,C. jejuni,0.0,0.0,0.0,6,0.7453419,11.3653555,2,HDBSCAN,UMAP
Iceland,animal,E. coli,3.6133333333333337,5.819225116145702,17.05,15,4.810363,1.6046455,1,HDBSCAN,UMAP
Iceland,animal,E. coli (ESBL/AmpC),0.19425019425019427,0.17803324378227817,0.34965034965034963,3,18.405985,2.6241412,0,HDBSCAN,UMAP
Iceland,animal,Salmonella spp.,6.666666666666667,17.59328876372492,50.0,15,6.005845,3.3601313,1,HDBSCAN,UMAP
Iceland,human,C. jejuni,17.766666666666666,20.370648819645716,40.0,3,2.732776,10.715739,2,HDBSCAN,UMAP
Iceland,human,S. Typhimurium,0.0,0.0,0.0,7,6.496555,1.1688026,1,HDBSCAN,UMAP
Iceland,human,Salmonella spp.,1.6857142857142857,3.839456806818977,10.3,7,6.4963436,1.1463652,1,HDBSCAN,UMAP
Iceland,meat,E. coli (ESBL/AmpC),0.0,0.0,0.0,3,18.491346,2.6892886,0,HDBSCAN,UMAP
Ireland,animal,C. coli,24.583333333333332,26.232479867523015,65.73333333333333,6,5.0797024,8.912135,2,HDBSCAN,UMAP
Ireland,animal,C. jejuni,11.438888888888888,17.23959804463958,41.53333333333333,6,0.98328155,11.306211,2,HDBSCAN,UMAP
Ireland,animal,E. coli,11.22,15.741542450794292,46.300000000000004,15,7.6745014,3.8821712,1,HDBSCAN,UMAP
Ireland,animal,E. coli (ESBL/AmpC),8.123148148148148,2.868796384456946,11.238333333333332,3,17.242716,4.4585743,0,HDBSCAN,UMAP
Ireland,animal,S. Derby,3.8666666666666667,4.3730778090275875,12.0,15,4.6961975,1.3694736,1,HDBSCAN,UMAP
Ireland,animal,S. Infantis,26.666666666666668,45.77377082170634,100.0,15,4.6519175,5.767629,1,HDBSCAN,UMAP
Ireland,animal,S. Typhimurium,22.453333333333337,30.440618227875042,86.7,15,8.095506,6.49626,1,HDBSCAN,UMAP
Ireland,animal,S. Typhimurium (mono),26.55333333333333,36.97396510029855,98.3,15,7.9782953,6.7550154,1,HDBSCAN,UMAP
Ireland,animal,Salmonella spp.,8.769444444444444,12.108121399952132,39.70833333333333,15,5.666346,3.5293672,1,HDBSCAN,UMAP
Ireland,human,C. coli,29.766666666666666,16.900098619041646,42.9,3,6.756097,4.976961,1,HDBSCAN,UMAP
Ireland,human,C. jejuni,23.233333333333334,19.352088603903542,38.6,3,2.8114293,10.654797,2,HDBSCAN,UMAP
Ireland,human,S. Enteritidis,5.014285714285714,9.039473873632685,24.3,14,3.7172449,3.770689,1,HDBSCAN,UMAP
Ireland,human,S. Typhimurium,6.05,9.037847769667971,23.1,14,5.975477,3.1260617,1,HDBSCAN,UMAP
Ireland,human,S. Typhimurium (mono),20.0,34.64916471409686,96.7,14,7.0249553,6.9605713,1,HDBSCAN,UMAP
Ireland,human,Salmonella spp.,6.728571428571429,7.6761797962095875,21.6,14,5.5932217,2.8638916,1,HDBSCAN,UMAP
Ireland,meat,E. coli,6.12,8.754907807297899,30.275,15,6.088319,2.9011645,1,HDBSCAN,UMAP
Ireland,meat,E. coli (ESBL/AmpC),3.3206018518518516,1.8707341408029747,5.046250000000001,3,18.101526,3.5333538,0,HDBSCAN,UMAP
Italy,animal,C. coli,37.204166666666666,34.41414104938065,80.65,6,5.3005195,9.750488,2,HDBSCAN,UMAP
Italy,animal,C. jejuni,34.80416666666667,35.97610115294133,84.25,6,4.4750953,9.897825,2,HDBSCAN,UMAP
Italy,animal,E. coli,22.941666666666666,25.64342833294072,67.95,15,8.3109255,5.5307317,1,HDBSCAN,UMAP
Italy,animal,E. coli (ESBL/AmpC),29.07166666666667,20.73625151958119,49.8125,3,16.316317,5.351815,0,HDBSCAN,UMAP
Italy,animal,E. faecalis,25.17056530214425,34.1405834388889,100.0,12,5.21693,8.986157,2,HDBSCAN,UMAP
Italy,animal,E. faecium,15.335094790928418,26.461411112691934,82.88400070871722,12,5.5140915,8.8390665,2,HDBSCAN,UMAP
Italy,animal,S. Derby,10.859999999999998,17.511212734375977,55.6,15,6.16009,5.335432,1,HDBSCAN,UMAP
Italy,animal,S. Enteritidis,8.053333333333333,12.943165138772038,37.5,15,3.2578826,2.4554286,1,HDBSCAN,UMAP
Italy,animal,S. Infantis,27.38716049382716,32.42367905536834,78.75925925925925,15,5.235298,5.796268,1,HDBSCAN,UMAP
Italy,animal,S. Kentucky,14.313333333333333,34.58377234374251,99.35,15,4.0597177,4.803675,1,HDBSCAN,UMAP
Italy,animal,S. Typhimurium,28.89,36.44246051752582,100.0,15,8.270401,6.465984,1,HDBSCAN,UMAP
Italy,animal,S. Typhimurium (mono),21.93,38.05523617059812,97.35,15,7.390003,7.045006,1,HDBSCAN,UMAP
Italy,animal,Salmonella spp.,16.66719919191919,17.2970129575541,42.72347878787879,15,7.2904105,4.5355506,1,HDBSCAN,UMAP
Italy,human,C. coli,40.75000000000001,40.925175625768546,81.5,4,4.137362,9.939656,2,HDBSCAN,UMAP
Italy,human,C. jejuni,36.15,40.90399328508974,78.0,4,4.013187,10.433233,2,HDBSCAN,UMAP
Italy,human,S. Derby,6.942857142857142,10.831415440262663,32.8,14,5.7864566,3.700462,1,HDBSCAN,UMAP
Italy,human,S. Enteritidis,10.821428571428571,13.295064357261918,37.1,14,3.3561773,2.5150123,1,HDBSCAN,UMAP
Italy,human,S. Infantis,28.11428571428572,26.317173601540617,62.9,14,8.842639,4.857319,1,HDBSCAN,UMAP
Italy,human,S. Typhimurium,15.378571428571432,18.883618402097728,53.5,14,6.3060827,4.8429403,1,HDBSCAN,UMAP
Italy,human,S. Typhimurium (mono),24.692857142857143,34.56537761504031,89.0,14,7.265454,6.4891014,1,HDBSCAN,UMAP
Italy,human,Salmonella spp.,15.514285714285714,16.49372174928561,46.2,14,6.8918786,5.3649435,1,HDBSCAN,UMAP
Italy,meat,E. coli,13.336666666666664,13.997161276827661,38.1,15,7.137171,4.00007,1,HDBSCAN,UMAP
Italy,meat,E. coli (ESBL/AmpC),8.726666666666667,5.243750049662296,13.97,3,16.424229,3.957579,0,HDBSCAN,UMAP
Latvia,animal,C. coli,22.349999999999998,32.84056942259071,72.6,6,1.6227516,11.468416,2,HDBSCAN,UMAP
Latvia,animal,C. jejuni,28.208333333333332,37.150362268309934,85.65,6,4.567351,10.259207,2,HDBSCAN,UMAP
Latvia,animal,E. coli,11.486666666666666,12.924802660370634,36.0,15,7.051561,3.8720403,1,HDBSCAN,UMAP
Latvia,animal,E. coli (ESBL/AmpC),13.284722222222223,7.343713029851781,19.8425,3,16.634567,5.0533524,0,HDBSCAN,UMAP
Latvia,animal,S. Derby,7.8933333333333335,12.34037893992532,33.3,15,6.456354,2.7453923,1,HDBSCAN,UMAP
Latvia,animal,S. Infantis,15.555555555555554,27.793646261093063,100.0,15,5.1347957,5.4767966,1,HDBSCAN,UMAP
Latvia,animal,Salmonella spp.,6.433333333333333,8.997334261297832,30.7,15,5.7093515,2.7726688,1,HDBSCAN,UMAP
Latvia,human,C. jejuni,32.44,44.46130902256478,83.8,5,3.7798543,11.669969,2,HDBSCAN,UMAP
Latvia,human,S. Enteritidis,4.085714285714286,8.953800838222248,25.0,14,3.6889446,3.8011837,1,HDBSCAN,UMAP
Latvia,human,S. Typhimurium,1.6500000000000001,4.457793521118163,15.4,14,4.375512,1.0868375,1,HDBSCAN,UMAP
Latvia,human,S. Typhimurium (mono),17.02857142857143,28.638393502736537,76.9,14,6.8197613,6.7088842,1,HDBSCAN,UMAP
Latvia,human,Salmonella spp.,6.464285714285714,7.995153064668151,21.3,14,5.38831,2.7843482,1,HDBSCAN,UMAP
Latvia,meat,E. coli (ESBL/AmpC),6.945092592592592,3.781476144480581,10.2425,3,17.075266,3.9828663,0,HDBSCAN,UMAP
Lithuania,animal,C. coli,31.016666666666666,42.668098934293596,86.5,6,1.8656188,11.618331,2,HDBSCAN,UMAP
Lithuania,animal,C. jejuni,32.9,42.05710403724916,96.1,6,4.7760525,10.281137,2,HDBSCAN,UMAP
Lithuania,animal,E. coli,20.366666666666667,23.679758283837113,60.0,15,8.0268135,4.9949965,1,HDBSCAN,UMAP
Lithuania,animal,E. coli (ESBL/AmpC),18.36777777777778,11.804488827623222,29.0,3,16.45722,5.2986226,0,HDBSCAN,UMAP
Lithuania,animal,S. Derby,12.78,22.697237087993145,66.7,15,6.1260943,5.6444364,1,HDBSCAN,UMAP
Lithuania,animal,S. Enteritidis,6.666666666666667,25.819888974716115,100.0,15,3.2406697,2.4115548,1,HDBSCAN,UMAP
Lithuania,animal,S. Typhimurium,40.0,50.709255283710995,100.0,15,8.347602,6.206762,1,HDBSCAN,UMAP
Lithuania,animal,S. Typhimurium (mono),42.22666666666667,36.66912805591309,100.0,15,8.421911,5.1123276,1,HDBSCAN,UMAP
Lithuania,animal,Salmonella spp.,7.897777777777778,7.794182473055171,22.8,15,4.1164055,2.7462816,1,HDBSCAN,UMAP
Lithuania,human,C. coli,64.3,53.408519919578374,100.0,3,4.015274,10.285335,2,HDBSCAN,UMAP
Lithuania,human,C. jejuni,58.46666666666666,50.75276675545219,95.9,3,3.9609034,10.406485,2,HDBSCAN,UMAP
Lithuania,human,S. Derby,8.344444444444443,11.271990852452719,25.0,9,6.8636875,3.8034737,1,HDBSCAN,UMAP
Lithuania,human,S. Enteritidis,2.6111111111111116,6.0052985863411585,18.5,9,6.4263663,1.0031434,1,HDBSCAN,UMAP
Lithuania,human,S. Infantis,2.988888888888889,3.7401351728394943,7.7,9,6.3951654,1.3231366,1,HDBSCAN,UMAP
Lithuania,human,S. Typhimurium,10.666666666666666,19.078784028338916,60.0,9,6.7396626,5.62791,1,HDBSCAN,UMAP
Lithuania,human,S. Typhimurium (mono),11.744444444444447,29.928669829743153,91.4,9,6.7088065,6.3981657,1,HDBSCAN,UMAP
Lithuania,human,Salmonella spp.,5.866666666666667,8.879752248796134,27.2,9,6.4403734,1.2049508,1,HDBSCAN,UMAP
Lithuania,meat,E. coli (ESBL/AmpC),7.822453703703704,5.862540541749136,13.07875,3,16.891562,4.0333376,0,HDBSCAN,UMAP
Luxembourg,animal,C. coli,32.858333333333334,40.12862340856794,91.9,6,5.197393,10.128811,2,HDBSCAN,UMAP
Luxembourg,animal,C. jejuni,20.0,28.982753492378876,70.0,6,1.9186221,11.122034,2,HDBSCAN,UMAP
Luxembourg,animal,E. coli,6.683333333333334,9.18287744093528,27.25,15,6.309331,2.9444563,1,HDBSCAN,UMAP
Luxembourg,animal,E. coli (ESBL/AmpC),5.216388888888889,2.0933718702220676,7.6325,3,17.695742,3.980528,0,HDBSCAN,UMAP
Luxembourg,animal,S. Derby,1.78,3.956405294853253,13.3,15,4.4477215,1.1453556,1,HDBSCAN,UMAP
Luxembourg,animal,S. Enteritidis,0.0,0.0,0.0,15,-0.017810157,-3.1028256,-1,HDBSCAN,UMAP
Luxembourg,animal,S. Typhimurium,12.213333333333333,18.318759575390263,50.0,15,7.52436,3.5478013,1,HDBSCAN,UMAP
Luxembourg,animal,S. Typhimurium (mono),23.333333333333332,37.16116764786033,100.0,15,8.274311,6.593712,1,HDBSCAN,UMAP
Luxembourg,animal,Salmonella spp.,4.3066666666666675,7.666803311411675,23.96666666666667,15,6.361341,2.5136828,1,HDBSCAN,UMAP
Luxembourg,human,C. coli,51.6,33.89705001913883,72.7,3,4.2897153,9.624299,2,HDBSCAN,UMAP
Luxembourg,human,C. jejuni,33.7,28.944602260179703,59.5,3,3.3010895,10.623088,2,HDBSCAN,UMAP
Luxembourg,human,S. Enteritidis,0.8333333333333334,2.5,7.5,9,6.2491546,0.79693395,1,HDBSCAN,UMAP
Luxembourg,human,S. Typhimurium (mono),24.88888888888889,34.91577166712933,88.0,9,6.927123,6.7864485,1,HDBSCAN,UMAP
Luxembourg,human,Salmonella spp.,7.433333333333334,8.252120939491858,21.2,9,6.2067885,1.0633706,1,HDBSCAN,UMAP
Luxembourg,meat,E. coli (ESBL/AmpC),3.8674999999999997,2.010505222574664,6.015,3,17.962471,3.683615,0,HDBSCAN,UMAP
Malta,animal,C. coli,33.30833333333334,32.17975165638583,74.44999999999999,6,5.1255617,9.530627,2,HDBSCAN,UMAP
Malta,animal,C. jejuni,34.41666666666667,36.715959291113,83.9,6,5.2203417,9.641426,2,HDBSCAN,UMAP
Malta,animal,E. coli,20.489999999999995,22.679617973602895,61.349999999999994,15,8.266025,5.344381,1,HDBSCAN,UMAP
Malta,animal,E. coli (ESBL/AmpC),17.30224481658692,13.790491039409552,29.4075,3,16.409832,5.268595,0,HDBSCAN,UMAP
Malta,animal,S. Derby,8.62,19.732214414867016,58.8,15,5.886079,5.117583,1,HDBSCAN,UMAP
Malta,animal,S. Enteritidis,17.759999999999998,17.196046057160927,33.3,15,6.8635936,4.6341987,1,HDBSCAN,UMAP
Malta,animal,S. Infantis,22.333333333333332,20.51712409068047,50.0,15,8.980343,4.7725687,1,HDBSCAN,UMAP
Malta,animal,S. Kentucky,12.666666666666666,15.453463165566603,40.0,15,6.8073535,3.9820528,1,HDBSCAN,UMAP
Malta,animal,S. Typhimurium,10.0,28.030595529069405,100.0,15,6.59964,6.314907,1,HDBSCAN,UMAP
Malta,animal,S. Typhimurium (mono),15.559999999999999,31.72303804582945,88.9,15,6.9365206,6.9086685,1,HDBSCAN,UMAP
Malta,animal,Salmonella spp.,11.260130718954251,11.567697861020072,31.494117647058825,15,6.834238,3.9299867,1,HDBSCAN,UMAP
Malta,human,C. coli,50.0,52.32590180780452,87.0,2,4.2255216,9.602926,2,HDBSCAN,UMAP
Malta,human,C. jejuni,38.9,36.36660556059638,75.0,5,3.6514606,10.02345,2,HDBSCAN,UMAP
Malta,human,S. Enteritidis,3.3333333333333335,6.843293554032786,17.1,6,5.9940324,2.3208005,1,HDBSCAN,UMAP
Malta,human,Salmonella spp.,4.8999999999999995,8.001499859401362,18.7,6,6.104379,2.2813437,1,HDBSCAN,UMAP
Malta,meat,E. coli (ESBL/AmpC),3.1354166666666665,1.9683203234822662,5.05875,3,18.129263,3.5038655,0,HDBSCAN,UMAP
Median (Mss + United Kingdom (Northern Ireland)),animal,E. coli,14.340000000000002,16.58670078277,40.900000000000006,15,7.6972146,4.4183507,1,HDBSCAN,UMAP
Median (Mss + Xi),meat,E. coli,3.3033333333333332,4.963994167526599,17.45,15,4.6873574,1.4446311,1,HDBSCAN,UMAP
Median (Mss And Non-Mss),animal,E. coli,7.553333333333333,10.862245668018236,31.8,15,6.220031,3.2833085,1,HDBSCAN,UMAP
"Median (Mss, United Kingdom (Northern Ireland), And Non-Mss)",animal,E. coli,13.243333333333334,15.531855130972726,37.35,15,7.586288,4.2550178,1,HDBSCAN,UMAP
"Median (Mss, Xi, And Non-Mss)",meat,E. coli,3.003333333333333,4.549822079200565,15.25,15,4.580863,1.3007572,1,HDBSCAN,UMAP
Median Mss,animal,C. coli,33.449999999999996,36.60396836409954,79.825,6,5.205215,9.936042,2,HDBSCAN,UMAP
Median Mss,animal,C. jejuni,23.73333333333333,33.76174857241057,68.95,6,1.7839882,11.42111,2,HDBSCAN,UMAP
Median Mss,animal,S. Derby,9.46,14.968970286181058,41.65,15,7.510604,3.4946012,1,HDBSCAN,UMAP
Median Mss,animal,S. Enteritidis,0.8309178743961351,2.1927867154787575,6.231884057971013,15,-0.16107805,-2.9312634,-1,HDBSCAN,UMAP
Median Mss,animal,S. Infantis,18.409398749398747,29.540515265945764,70.76709956709956,15,4.702848,5.4095097,1,HDBSCAN,UMAP
Median Mss,animal,S. Kentucky,20.671111111111113,30.32236030376815,80.96666666666667,15,4.377253,5.215706,1,HDBSCAN,UMAP
Median Mss,animal,S. Typhimurium,12.893333333333334,20.928371606392076,55.6,15,6.753347,5.827548,1,HDBSCAN,UMAP
Median Mss,animal,S. Typhimurium (mono),20.003333333333334,38.44370404828833,94.85,15,7.166875,7.1608634,1,HDBSCAN,UMAP
Median Mss,animal,Salmonella spp.,6.646110013324404,8.05317119636077,22.706666666666667,15,5.5397186,3.0226448,1,HDBSCAN,UMAP
Montenegro,animal,E. coli,18.046666666666667,19.600286684006385,61.0,15,8.047684,4.9544096,1,HDBSCAN,UMAP
Montenegro,animal,S. Typhimurium,0.0,0.0,0.0,15,-0.07639517,-3.0444858,-1,HDBSCAN,UMAP
Montenegro,animal,Salmonella spp.,0.0,0.0,0.0,15,0.028933022,-3.119514,-1,HDBSCAN,UMAP
Montenegro,meat,E. coli,23.333333333333332,24.028752618081374,50.0,15,8.287063,4.9794235,1,HDBSCAN,UMAP
Netherland,meat,E. coli (ESBL/AmpC),7.150000000000001,7.15,14.3,3,16.465693,3.9387426,0,HDBSCAN,UMAP
Netherlands,animal,C. coli,34.394444444444446,31.80783562909314,71.89999999999999,6,5.5978026,9.858532,2,HDBSCAN,UMAP
Netherlands,animal,C. jejuni,16.961111111111112,24.49109059471461,53.666666666666664,6,1.5488745,11.236886,2,HDBSCAN,UMAP
Netherlands,animal,E. coli,8.495555555555555,10.821230357728574,28.900000000000002,15,6.653553,2.962388,1,HDBSCAN,UMAP
Netherlands,animal,E. coli (ESBL/AmpC),10.142777777777777,7.2700000636812865,17.41333333333333,3,16.395231,4.0668063,0,HDBSCAN,UMAP
Netherlands,animal,E. faecium,11.291976456009913,19.26774324291205,63.6,12,5.6214,3.682201,1,HDBSCAN,UMAP
Netherlands,animal,S. Derby,1.02,2.2766516767267797,7.7,15,-0.026585715,-2.7236607,-1,HDBSCAN,UMAP
Netherlands,animal,S. Enteritidis,4.3,12.915439265800114,50.65,15,3.3069685,2.4365723,1,HDBSCAN,UMAP
Netherlands,animal,S. Infantis,23.553459119496853,30.78735197916777,68.39622641509433,15,5.083797,5.606495,1,HDBSCAN,UMAP
Netherlands,animal,S. Typhimurium,13.32666666666667,16.366645815135588,44.45,15,7.5542803,3.5676289,1,HDBSCAN,UMAP
Netherlands,animal,S. Typhimurium (mono),19.526666666666667,33.985321761579584,85.7,15,7.5678005,6.9314537,1,HDBSCAN,UMAP
Netherlands,animal,Salmonella spp.,8.286635211786372,7.319956790635001,21.284390055248622,15,4.2590284,2.8089476,1,HDBSCAN,UMAP
Netherlands,human,C. coli,34.275,36.657639040178246,71.4,4,4.2556615,10.050086,2,HDBSCAN,UMAP
Netherlands,human,C. jejuni,26.45,30.579350331010417,61.6,4,3.1932359,10.690538,2,HDBSCAN,UMAP
Netherlands,human,S. Enteritidis,6.7,10.85272032540867,29.9,14,3.6299217,2.713799,1,HDBSCAN,UMAP
Netherlands,human,S. Infantis,17.24285714285714,15.820372177170034,33.3,14,6.77699,4.504464,1,HDBSCAN,UMAP
Netherlands,human,S. Kentucky,28.028571428571432,27.24849829514756,76.9,14,8.909379,4.93739,1,HDBSCAN,UMAP
Netherlands,human,S. Typhimurium,10.414285714285715,13.410894374056038,39.4,14,6.050915,4.474938,1,HDBSCAN,UMAP
Netherlands,human,S. Typhimurium (mono),15.021428571428572,23.838726688099136,64.3,14,6.6351047,6.3107433,1,HDBSCAN,UMAP
Netherlands,human,Salmonella spp.,8.507142857142856,8.069359357443465,21.4,14,4.5958157,3.0039537,1,HDBSCAN,UMAP
Netherlands,meat,E. coli,13.35833333333333,12.66066273748657,35.824999999999996,15,7.0613003,3.9613152,1,HDBSCAN,UMAP
Netherlands,meat,E. coli (ESBL/AmpC),3.3983333333333334,3.298333333333333,6.696666666666666,3,18.198198,3.404925,0,HDBSCAN,UMAP
North Macedonia,animal,E. coli,12.22888888888889,16.944067026762124,60.76666666666667,15,8.105071,4.689504,1,HDBSCAN,UMAP
North Macedonia,animal,E. faecalis,13.541666666666666,23.511562274890636,62.5,12,6.233414,5.147702,1,HDBSCAN,UMAP
North Macedonia,animal,E. faecium,5.808080808080811,10.069016823691381,33.56643356643357,12,5.664115,3.0444088,1,HDBSCAN,UMAP
North Macedonia,meat,E. coli (ESBL/AmpC),0.0,0.0,0.0,3,18.456532,2.648009,0,HDBSCAN,UMAP
Norway,animal,C. coli,4.05,8.1718418976385,20.7,6,0.79228556,11.3182125,2,HDBSCAN,UMAP
Norway,animal,C. jejuni,1.8166666666666667,3.640009157497638,9.1,6,0.6687311,11.428536,2,HDBSCAN,UMAP
Norway,animal,E. coli,1.7833333333333334,2.3078798763821147,7.1,15,4.3205757,1.019672,1,HDBSCAN,UMAP
Norway,animal,E. coli (ESBL/AmpC),5.55487987987988,4.653978978978979,10.208858858858859,3,17.539791,4.4410095,0,HDBSCAN,UMAP
Norway,animal,E. faecalis,13.797814207650276,33.05004917284977,100.0,12,5.57068,7.1603084,1,HDBSCAN,UMAP
Norway,animal,E. faecium,8.909176356589148,19.546425262473644,67.6639534883721,12,5.5121984,3.6998446,1,HDBSCAN,UMAP
Norway,animal,Salmonella spp.,0.0,0.0,0.0,15,0.004495911,-3.1003237,-1,HDBSCAN,UMAP
Norway,human,C. jejuni,14.675,16.99085538360758,33.2,4,2.674046,10.683867,2,HDBSCAN,UMAP
Norway,human,S. Enteritidis,5.142857142857143,7.931342287166183,21.3,7,5.6307936,2.7403758,1,HDBSCAN,UMAP
Norway,human,S. Typhimurium,5.771428571428572,4.476871781990294,10.5,7,5.74487,2.4669542,1,HDBSCAN,UMAP
Norway,human,S. Typhimurium (mono),28.571428571428573,36.45886788723764,86.7,7,6.987615,6.7575936,1,HDBSCAN,UMAP
Norway,human,Salmonella spp.,5.828571428571428,6.001309380936321,14.3,7,5.7259645,2.457568,1,HDBSCAN,UMAP
Norway,meat,E. coli (ESBL/AmpC),0.32625,0.32625,0.6525,3,18.449232,2.670248,0,HDBSCAN,UMAP
Poland,animal,C. coli,39.94444444444445,40.84865653532244,84.26666666666667,6,5.6111093,9.964623,2,HDBSCAN,UMAP
Poland,animal,C. jejuni,31.96666666666667,41.11483511661778,90.9,6,4.5637536,10.366529,2,HDBSCAN,UMAP
Poland,animal,E. coli,27.31555555555556,27.319206182739396,76.16666666666667,15,8.294175,5.4594884,1,HDBSCAN,UMAP
Poland,animal,E. coli (ESBL/AmpC),11.623240441088337,5.619622842440855,18.028333333333332,3,16.966742,4.9852695,0,HDBSCAN,UMAP
Poland,animal,S. Derby,8.34,7.717771699136999,19.4,15,5.154222,2.843985,1,HDBSCAN,UMAP
Poland,animal,S. Enteritidis,11.657777777777776,23.311134963124502,60.564341085271316,15,3.307679,2.4266925,1,HDBSCAN,UMAP
Poland,animal,S. Infantis,23.606493506493507,29.645452303591075,63.63636363636363,15,4.9901285,5.5363946,1,HDBSCAN,UMAP
Poland,animal,S. Kentucky,39.99666666666666,45.77559185334265,100.0,15,8.749852,5.612924,1,HDBSCAN,UMAP
Poland,animal,S. Typhimurium,39.99999999999999,44.00938211660912,100.0,15,8.3250265,6.451854,1,HDBSCAN,UMAP
Poland,animal,S. Typhimurium (mono),21.153333333333332,29.72386887591151,78.3,15,7.271603,6.8042293,1,HDBSCAN,UMAP
Poland,animal,Salmonella spp.,15.857955974842765,17.569001083700392,46.304716981132074,15,4.9208293,4.603499,1,HDBSCAN,UMAP
Poland,human,C. jejuni,36.425,43.661453251123014,87.2,4,3.9955966,10.406192,2,HDBSCAN,UMAP
Poland,human,S. Derby,7.785714285714286,19.79094031826984,54.5,14,3.9538276,4.356383,1,HDBSCAN,UMAP
Poland,human,S. Enteritidis,10.985714285714286,20.42949817309264,55.5,14,3.2924476,2.4878936,1,HDBSCAN,UMAP
Poland,human,S. Infantis,18.62142857142857,22.121836708118504,56.5,14,5.052803,5.3415165,1,HDBSCAN,UMAP
Poland,human,S. Typhimurium,18.400000000000002,22.015099713256244,61.5,14,7.5087957,6.402151,1,HDBSCAN,UMAP
Poland,human,S. Typhimurium (mono),22.857142857142858,33.664949000537504,93.3,14,7.594178,7.0454063,1,HDBSCAN,UMAP
Poland,human,Salmonella spp.,11.792857142857144,17.898021561730665,51.4,14,3.2942228,2.5232446,1,HDBSCAN,UMAP
Poland,meat,E. coli,23.713333333333335,25.718138864751985,73.5,15,8.579286,5.042169,1,HDBSCAN,UMAP
Poland,meat,E. coli (ESBL/AmpC),4.599583086845066,2.222282276600152,7.08,3,17.848581,3.7364764,0,HDBSCAN,UMAP
Portugal,animal,C. coli,43.875,38.356205495330215,90.475,6,5.3850756,9.596764,2,HDBSCAN,UMAP
Portugal,animal,C. jejuni,30.905555555555555,38.30720510508387,86.43333333333334,6,4.426083,10.131673,2,HDBSCAN,UMAP
Portugal,animal,E. coli,18.595000000000002,20.30526233692706,54.325,15,8.067501,5.0189514,1,HDBSCAN,UMAP
Portugal,animal,E. coli (ESBL/AmpC),19.770725227295905,13.34792204542421,32.995,3,16.485378,5.3741193,0,HDBSCAN,UMAP
Portugal,animal,S. Derby,30.0,36.83941988065036,100.0,15,8.423048,5.081167,1,HDBSCAN,UMAP
Portugal,animal,S. Enteritidis,3.806666666666666,8.947642679712322,33.55,15,3.3381653,2.4820185,1,HDBSCAN,UMAP
Portugal,animal,S. Infantis,0.0,0.0,0.0,15,-0.09299224,-3.0317397,-1,HDBSCAN,UMAP
Portugal,animal,S. Typhimurium,21.666666666666668,28.136571693556885,75.0,15,8.106156,6.3280406,1,HDBSCAN,UMAP
Portugal,animal,S. Typhimurium (mono),19.533333333333335,32.9248856526199,89.7,15,7.1008844,7.0128846,1,HDBSCAN,UMAP
Portugal,animal,Salmonella spp.,11.672980952380952,10.874016523083016,35.56778095238095,15,4.831841,2.879854,1,HDBSCAN,UMAP
Portugal,human,C. coli,47.35,44.73794064698702,91.5,4,4.2319846,9.567527,2,HDBSCAN,UMAP
Portugal,human,C. jejuni,40.525,46.7634739941335,90.4,4,4.108804,10.283727,2,HDBSCAN,UMAP
Portugal,human,S. Enteritidis,4.4923076923076914,9.501882404595904,28.0,13,6.220816,0.752766,1,HDBSCAN,UMAP
Portugal,human,S. Typhimurium,16.999999999999996,26.637098190305938,68.5,13,7.6433873,6.4424357,1,HDBSCAN,UMAP
Portugal,human,S. Typhimurium (mono),18.307692307692307,32.79701362264715,94.8,13,6.870899,6.8453355,1,HDBSCAN,UMAP
Portugal,human,Salmonella spp.,11.423076923076923,15.595680697239745,45.1,13,6.7968683,5.1836996,1,HDBSCAN,UMAP
Portugal,meat,E. coli,10.083333333333334,12.959988793352002,40.0,15,6.6382957,3.9808571,1,HDBSCAN,UMAP
Portugal,meat,E. coli (ESBL/AmpC),9.751330406070851,6.615999815644422,16.6075,3,16.823797,4.257631,0,HDBSCAN,UMAP
Romania,animal,C. coli,39.22083333333333,40.3367153368574,92.025,6,5.6621113,9.97978,2,HDBSCAN,UMAP
Romania,animal,C. jejuni,28.65555555555555,39.078659516795476,91.23333333333333,6,2.0457866,11.618014,2,HDBSCAN,UMAP
Romania,animal,E. coli,23.125,23.01025198533409,58.199999999999996,15,8.340446,5.329899,1,HDBSCAN,UMAP
Romania,animal,E. coli (ESBL/AmpC),17.840855503390717,9.989833853151751,28.6525,3,16.567533,5.337941,0,HDBSCAN,UMAP
Romania,animal,S. Derby,18.18,24.528385888307334,63.6,15,7.891403,4.5700927,1,HDBSCAN,UMAP
Romania,animal,S. Enteritidis,12.866521739130434,29.60001058080914,85.59130434782608,15,3.3581097,2.6726835,1,HDBSCAN,UMAP
Romania,animal,S. Infantis,33.54333333333334,45.89131129506927,100.0,15,5.051846,5.6323423,1,HDBSCAN,UMAP
Romania,animal,S. Kentucky,20.0,41.403933560541255,100.0,15,4.129072,4.9652915,1,HDBSCAN,UMAP
Romania,animal,S. Typhimurium,16.38,17.529218465179788,48.55,15,6.638174,4.6998014,1,HDBSCAN,UMAP
Romania,animal,S. Typhimurium (mono),28.773333333333333,34.035411531157344,94.7,15,8.18312,6.570018,1,HDBSCAN,UMAP
Romania,animal,Salmonella spp.,19.323999999999998,22.042445235330533,65.84941176470588,15,4.909784,4.4291773,1,HDBSCAN,UMAP
Romania,human,C. jejuni,25.44,35.42446894450219,72.7,5,3.772292,11.658268,2,HDBSCAN,UMAP
Romania,human,S. Enteritidis,7.671428571428572,19.50362603649456,54.6,14,3.9407578,4.3698683,1,HDBSCAN,UMAP
Romania,human,Salmonella spp.,9.314285714285715,18.195936027368525,52.6,14,4.0312004,4.3760853,1,HDBSCAN,UMAP
Romania,meat,E. coli,12.221666666666666,19.308419857175068,59.375,15,4.1202116,4.5351596,1,HDBSCAN,UMAP
Romania,meat,E. coli (ESBL/AmpC),7.1529745634819895,3.5131095300964685,11.06875,3,17.330544,4.177942,0,HDBSCAN,UMAP
Slovakia,animal,C. coli,33.225,33.979063406750925,78.55,6,5.4559875,9.896262,2,HDBSCAN,UMAP
Slovakia,animal,C. jejuni,32.733333333333334,39.48076324827912,89.4,6,5.179336,10.200858,2,HDBSCAN,UMAP
Slovakia,animal,E. coli,21.56666666666667,24.522064894022826,60.0,15,7.9747305,5.1354604,1,HDBSCAN,UMAP
Slovakia,animal,E. coli (ESBL/AmpC),18.40142857142857,4.412402048401153,23.189999999999998,3,16.890896,5.2612324,0,HDBSCAN,UMAP
Slovakia,animal,S. Derby,13.333333333333334,35.18657752744984,100.0,15,4.044071,4.7846255,1,HDBSCAN,UMAP
Slovakia,animal,S. Enteritidis,5.553333333333333,10.444487039764544,30.55,15,3.6439936,3.8320298,1,HDBSCAN,UMAP
Slovakia,animal,S. Infantis,29.898989898989896,43.26420585374409,96.96969696969697,15,4.875834,5.6047635,1,HDBSCAN,UMAP
Slovakia,animal,S. Kentucky,40.0,50.709255283710995,100.0,15,8.806895,5.691827,1,HDBSCAN,UMAP
Slovakia,animal,S. Typhimurium,33.333333333333336,48.795003647426654,100.0,15,8.364232,6.2236743,1,HDBSCAN,UMAP
Slovakia,animal,Salmonella spp.,21.80211711711712,25.222194417230316,61.472972972972975,15,7.766312,5.0767136,1,HDBSCAN,UMAP
Slovakia,human,C. coli,35.975,38.52301260285857,81.9,4,4.0128827,10.508317,2,HDBSCAN,UMAP
Slovakia,human,C. jejuni,26.4,36.896409039363164,79.8,5,3.795877,11.616931,2,HDBSCAN,UMAP
Slovakia,human,S. Enteritidis,8.014285714285714,13.825270168719861,38.7,7,6.173341,0.9060137,1,HDBSCAN,UMAP
Slovakia,human,S. Infantis,29.842857142857138,31.629145691005583,78.6,7,4.4392567,9.836177,2,HDBSCAN,UMAP
Slovakia,human,S. Typhimurium,18.657142857142855,21.049058343376245,46.4,7,6.823178,5.11118,1,HDBSCAN,UMAP
Slovakia,human,Salmonella spp.,10.6,14.582752369380296,41.2,7,6.1214676,1.0413918,1,HDBSCAN,UMAP
Slovakia,meat,E. coli,26.666666666666668,33.363081963380395,100.0,15,8.114226,5.467623,1,HDBSCAN,UMAP
Slovakia,meat,E. coli (ESBL/AmpC),10.424130313199106,2.814520814610806,13.59375,3,17.10186,4.9053755,0,HDBSCAN,UMAP
Slovenia,animal,C. coli,29.974999999999998,34.56273643680431,83.1,6,5.298839,10.09594,2,HDBSCAN,UMAP
Slovenia,animal,C. jejuni,21.566666666666666,34.156619661006665,84.7,6,1.6768054,11.427934,2,HDBSCAN,UMAP
Slovenia,animal,E. coli,13.216666666666667,14.552217144116693,34.099999999999994,15,7.433406,4.4187274,1,HDBSCAN,UMAP
Slovenia,animal,E. coli (ESBL/AmpC),17.63907287157287,7.389004132496027,23.259999999999998,3,16.885004,5.241224,0,HDBSCAN,UMAP
Slovenia,animal,E. faecalis,17.777777777777782,29.416319710661725,96.6666666666667,12,5.240057,8.856084,2,HDBSCAN,UMAP
Slovenia,animal,E. faecium,14.175193798449612,21.613761800810963,71.82093023255814,12,5.152557,8.671343,2,HDBSCAN,UMAP
Slovenia,animal,S. Derby,0.0,0.0,0.0,15,0.017458562,-3.011771,-1,HDBSCAN,UMAP
Slovenia,animal,S. Enteritidis,0.0,0.0,0.0,15,-0.010268736,-2.985374,-1,HDBSCAN,UMAP
Slovenia,animal,S. Infantis,29.77272727272727,44.01368924112056,100.0,15,4.745422,5.6825347,1,HDBSCAN,UMAP
Slovenia,animal,S. Typhimurium,0.0,0.0,0.0,15,-0.08738263,-3.0396464,-1,HDBSCAN,UMAP
Slovenia,animal,S. Typhimurium (mono),33.333333333333336,48.795003647426654,100.0,15,8.352738,6.584247,1,HDBSCAN,UMAP
Slovenia,animal,Salmonella spp.,7.89813725490196,9.313071658459622,24.648529411764706,15,5.0944,3.0462816,1,HDBSCAN,UMAP
Slovenia,human,C. coli,42.800000000000004,38.50155841001764,81.1,3,3.9063747,10.43457,2,HDBSCAN,UMAP
Slovenia,human,C. jejuni,40.9,41.38272586478566,83.2,3,3.9231234,10.473827,2,HDBSCAN,UMAP
Slovenia,human,S. Enteritidis,3.2363636363636363,6.434791795741759,21.6,11,6.1990886,0.76541454,1,HDBSCAN,UMAP
Slovenia,human,S. Infantis,35.07272727272727,34.92495070602365,92.9,11,4.260286,9.743956,2,HDBSCAN,UMAP
Slovenia,human,S. Typhimurium,9.500000000000002,11.152757506554153,34.4,11,6.0584826,1.1451625,1,HDBSCAN,UMAP
Slovenia,human,S. Typhimurium (mono),48.881818181818176,33.22603852949726,90.6,11,9.052942,4.9964023,1,HDBSCAN,UMAP
Slovenia,human,Salmonella spp.,9.245454545454544,8.344622656101789,24.6,11,5.8570733,1.6636287,1,HDBSCAN,UMAP
Slovenia,meat,E. coli (ESBL/AmpC),8.126671205519244,2.7211164258282303,11.19125,3,17.301195,4.6292434,0,HDBSCAN,UMAP
Spain,animal,C. coli,38.645833333333336,39.089606728216985,89.75,6,5.267887,9.625791,2,HDBSCAN,UMAP
Spain,animal,C. jejuni,24.422222222222228,36.068476027730405,77.93333333333334,6,1.7325128,11.447419,2,HDBSCAN,UMAP
Spain,animal,E. coli,15.18,17.422012963899597,45.425,15,7.6992664,4.5664945,1,HDBSCAN,UMAP
Spain,animal,E. coli (ESBL/AmpC),17.83079935411315,10.599132982467559,28.19625,3,16.490938,5.3701143,0,HDBSCAN,UMAP
Spain,animal,E. faecalis,22.041062801932366,33.54206334295085,93.47826086956519,12,5.390673,8.944649,2,HDBSCAN,UMAP
Spain,animal,E. faecium,15.93368399339934,26.99922557635737,75.37747524752474,12,5.466621,8.839,2,HDBSCAN,UMAP
Spain,animal,S. Derby,10.786666666666667,16.034421307508,47.6,15,7.7491035,3.9226608,1,HDBSCAN,UMAP
Spain,animal,S. Enteritidis,0.7844444444444445,0.924951021154305,1.9666666666666668,15,-0.21947405,-2.983678,-1,HDBSCAN,UMAP
Spain,animal,S. Infantis,12.072857142857142,15.920498823806803,39.65714285714285,15,4.835423,4.2933774,1,HDBSCAN,UMAP
Spain,animal,S. Kentucky,17.776666666666664,28.497586781707543,75.0,15,4.1699195,4.7151785,1,HDBSCAN,UMAP
Spain,animal,S. Typhimurium,28.720000000000002,39.055824515319465,100.0,15,7.753372,6.6545367,1,HDBSCAN,UMAP
Spain,animal,S. Typhimurium (mono),29.01333333333333,38.89003483572378,96.5,15,8.284377,6.2820644,1,HDBSCAN,UMAP
Spain,animal,Salmonella spp.,9.998035294117646,10.726848939790452,27.047058823529415,15,6.096263,3.1531165,1,HDBSCAN,UMAP
Spain,human,C. coli,47.6,43.67401973713892,86.7,4,4.3067007,9.602375,2,HDBSCAN,UMAP
Spain,human,C. jejuni,39.9,45.12567635688873,86.7,4,4.040357,10.347954,2,HDBSCAN,UMAP
Spain,human,S. Derby,9.545454545454545,10.829253310950266,30.0,11,6.7227125,2.9818301,1,HDBSCAN,UMAP
Spain,human,S. Enteritidis,4.490909090909091,6.821063633401252,18.7,11,3.7746916,3.4536023,1,HDBSCAN,UMAP
Spain,human,S. Infantis,21.03636363636364,18.323879104996994,48.3,11,7.244009,4.5949903,1,HDBSCAN,UMAP
Spain,human,S. Kentucky,36.35454545454546,27.44719889665842,70.8,11,8.835164,5.024442,1,HDBSCAN,UMAP
Spain,human,S. Typhimurium,27.472727272727273,26.64571601248842,67.4,11,7.691594,6.4387374,1,HDBSCAN,UMAP
Spain,human,S. Typhimurium (mono),27.5,34.767456047286515,87.6,11,7.345605,6.9736934,1,HDBSCAN,UMAP
Spain,human,Salmonella spp.,12.772727272727273,11.664312316556936,29.7,11,5.9669085,3.5943978,1,HDBSCAN,UMAP
Spain,meat,E. coli,18.613333333333333,15.812918166878022,47.2,15,8.992835,4.7435565,1,HDBSCAN,UMAP
Spain,meat,E. coli (ESBL/AmpC),8.812136176580621,6.334768206793583,15.2425,3,16.7861,4.151134,0,HDBSCAN,UMAP
Sweden,animal,C. coli,6.224999999999999,15.101581043056386,37.05,6,0.8801609,11.323735,2,HDBSCAN,UMAP
Sweden,animal,C. jejuni,2.9333333333333336,6.131122790049688,15.4,6,0.71376395,11.396051,2,HDBSCAN,UMAP
Sweden,animal,E. coli,2.962222222222222,4.038679390212996,10.733333333333334,15,4.683277,1.3954681,1,HDBSCAN,UMAP
Sweden,animal,E. coli (ESBL/AmpC),0.78875,0.12625000000000003,0.915,3,18.395632,2.7506633,0,HDBSCAN,UMAP
Sweden,animal,S. Enteritidis,0.0,0.0,0.0,15,0.0044628372,-3.0953984,-1,HDBSCAN,UMAP
Sweden,animal,Salmonella spp.,3.3333333333333335,8.79664438186246,25.0,15,4.6930447,1.5396179,1,HDBSCAN,UMAP
Sweden,human,S. Enteritidis,4.8357142857142845,11.670647410877041,33.2,14,3.6784368,3.922054,1,HDBSCAN,UMAP
Sweden,human,S. Kentucky,15.235714285714282,12.655895989486611,40.0,14,8.633289,4.411342,1,HDBSCAN,UMAP
Sweden,human,S. Typhimurium,1.8857142857142857,2.582442833638528,7.1,14,4.396797,1.0904082,1,HDBSCAN,UMAP
Sweden,human,S. Typhimurium (mono),22.278571428571432,35.634926224603966,90.8,14,7.454204,6.8966093,1,HDBSCAN,UMAP
Sweden,human,Salmonella spp.,5.428571428571428,5.972942654675663,14.3,14,5.0926366,2.34151,1,HDBSCAN,UMAP
Sweden,meat,E. coli,6.666666666666667,17.59328876372492,50.0,15,6.3161554,3.5077133,1,HDBSCAN,UMAP
Sweden,meat,E. coli (ESBL/AmpC),0.45416666666666666,0.12520816001097262,0.575,3,18.517916,2.600557,0,HDBSCAN,UMAP
Switzerland,animal,C. coli,20.92222222222222,25.312400708538682,55.666666666666664,6,2.7791133,10.752057,2,HDBSCAN,UMAP
Switzerland,animal,C. jejuni,13.575000000000001,21.894285784194924,51.1,6,1.1726328,11.313273,2,HDBSCAN,UMAP
Switzerland,animal,E. coli,7.351111111111111,8.728259764610499,25.433333333333334,15,6.0440226,2.879579,1,HDBSCAN,UMAP
Switzerland,animal,E. coli (ESBL/AmpC),5.253525733525733,2.225856654381314,7.442251082251082,3,17.690695,4.092674,0,HDBSCAN,UMAP
Switzerland,animal,S. Enteritidis,0.0,0.0,0.0,15,-0.14674573,-3.1102571,-1,HDBSCAN,UMAP
Switzerland,animal,Salmonella spp.,0.07777777777777778,0.30123203803835474,1.1666666666666667,15,-0.09439602,-3.1585464,-1,HDBSCAN,UMAP
Switzerland,meat,E. coli,1.6733333333333333,4.409157137896841,16.7,15,4.5283566,1.1967992,1,HDBSCAN,UMAP
Switzerland,meat,E. coli (ESBL/AmpC),5.595555555555556,2.7052754960002248,8.64,3,17.609089,3.9382653,0,HDBSCAN,UMAP
Total,animal,E. faecium,10.050037235627048,20.15729288044804,69.35,12,5.551826,3.7011137,1,HDBSCAN,UMAP
Total (1 Non-Mss),animal,E. coli (ESBL/AmpC),12.183420479302832,5.582912697150412,16.83,3,17.0128,5.190581,0,HDBSCAN,UMAP
Total (1 Non-Mss),meat,E. coli,6.666666666666667,17.59328876372492,50.0,15,3.9156852,4.3234777,1,HDBSCAN,UMAP
Total (11 Mss And 2 Non-Mss),animal,E. coli,9.866666666666669,12.376167573587706,36.5,15,7.063185,3.291735,1,HDBSCAN,UMAP
Total (11 Mss),animal,E. coli,10.146666666666668,12.661012522513282,37.4,15,7.131306,3.2965858,1,HDBSCAN,UMAP
Total (12 Mss And Non-Mss),animal,E. coli (ESBL/AmpC),8.427777777777777,5.9481634264828465,14.05,3,16.880335,4.050921,0,HDBSCAN,UMAP
Total (12 Mss),animal,E. coli,16.953333333333337,19.840106086505926,58.2,15,7.8067813,4.6707416,1,HDBSCAN,UMAP
Total (12 Mss),animal,E. coli (ESBL/AmpC),10.736755124450545,7.370805093216345,17.561041158398844,3,16.804268,4.317807,0,HDBSCAN,UMAP
Total (13 Mss And Non-Mss),animal,E. coli (ESBL/AmpC),12.944444444444443,8.121941019603991,20.7,3,16.547771,5.0447917,0,HDBSCAN,UMAP
Total (13 Mss),meat,E. coli,16.133333333333333,15.307312289354051,43.9,15,8.624425,4.4984865,1,HDBSCAN,UMAP
Total (2 Non-Mss),animal,E. coli,7.373333333333334,10.403602855787621,28.1,15,6.2187076,3.2613328,1,HDBSCAN,UMAP
Total (2 Non-Mss),meat,E. coli,4.6,6.534305078364712,23.1,15,5.0771046,2.072075,1,HDBSCAN,UMAP
Total (2 Non-Mss),meat,E. coli (ESBL/AmpC),3.087037037037037,1.2416925591798613,4.516666666666667,3,18.08217,3.5915692,0,HDBSCAN,UMAP
Total (20 Mss),human,S. Kentucky,37.25333333333334,28.95572646711001,79.5,15,9.009771,5.080529,1,HDBSCAN,UMAP
Total (22 Mss),human,S. Derby,6.3933333333333335,6.8724571054803,23.1,15,5.360708,2.809464,1,HDBSCAN,UMAP
Total (23 Mss),human,C. coli,30.4,35.98888717368182,76.5,5,3.7609856,11.604075,2,HDBSCAN,UMAP
Total (23 Mss),human,C. jejuni,25.32,32.191256576902994,72.0,5,3.6895525,11.472593,2,HDBSCAN,UMAP
Total (23 Mss),human,S. Typhimurium (mono),21.79333333333333,30.364158068981514,82.9,15,7.2904434,5.9709926,1,HDBSCAN,UMAP
Total (26 Mss),human,S. Infantis,15.16,14.944841441590665,46.6,15,6.6979585,4.4234843,1,HDBSCAN,UMAP
Total (27 Mss + United Kingdom (Northern Ireland)),animal,E. coli,15.266666666666667,16.808274606219857,43.7,15,7.818862,4.394483,1,HDBSCAN,UMAP
Total (27 Mss),human,S. Enteritidis,6.7266666666666675,11.395078302662492,32.5,15,3.5471792,2.5594053,1,HDBSCAN,UMAP
Total (27 Mss),human,S. Typhimurium,10.286666666666665,11.698831850516815,34.9,15,5.9381733,3.7005386,1,HDBSCAN,UMAP
Total (27 Mss),human,Salmonella spp.,9.74,8.842979459112506,23.5,15,4.7060328,2.796777,1,HDBSCAN,UMAP
Total (27 Mss),meat,E. coli (ESBL/AmpC),7.611111111111112,4.871040652369577,12.2,3,16.909367,4.027668,0,HDBSCAN,UMAP
"Total (27 Mss, United Kingdom (Northern Ireland), And 4 Non-Mss)",animal,E. coli,16.4,18.521493306040803,45.4,15,7.621228,4.614742,1,HDBSCAN,UMAP
"Total (27 Mss, United Kingdom (Northern Ireland), And 5 Non-Mss)",animal,E. coli,11.426666666666668,14.55366751355953,39.6,15,7.6085715,3.767833,1,HDBSCAN,UMAP
Total (28 Mss),animal,E. coli (ESBL/AmpC),13.107814948983483,5.935438924422941,19.307271685358952,3,16.832575,5.0258327,0,HDBSCAN,UMAP
Total (28 Mss),meat,E. coli (ESBL/AmpC),4.532927502599033,2.190978723649763,6.738333333333332,3,17.854738,3.7778184,0,HDBSCAN,UMAP
Total (29 Mss And Non-Mss),meat,E. coli (ESBL/AmpC),7.544444444444444,4.761924603133267,12.1,3,17.008663,3.9610107,0,HDBSCAN,UMAP
Total (3 Non-Mss),animal,E. coli (ESBL/AmpC),3.0333333333333337,2.040424792373719,4.800000000000001,3,17.886185,3.8673017,0,HDBSCAN,UMAP
Total (30 Mss And Non-Mss),meat,E. coli (ESBL/AmpC),1.5666666666666664,0.7751343969488989,2.3499999999999996,3,18.314774,3.0591736,0,HDBSCAN,UMAP
Total (31 Mss And Non-Mss),animal,E. coli (ESBL/AmpC),12.180555555555557,5.323521791000697,17.825000000000003,3,16.838774,4.993061,0,HDBSCAN,UMAP
Total (32 Mss And Non-Mss),meat,E. coli (ESBL/AmpC),9.455555555555556,4.500658388050122,14.0,3,17.07801,4.494629,0,HDBSCAN,UMAP
Total (4 Mss),meat,E. coli,23.2,23.985710031480945,74.0,15,8.281183,5.4634037,1,HDBSCAN,UMAP
Total (4 Non-Mss),animal,E. coli,4.126666666666667,5.343282386947808,13.1,15,4.624957,1.6219698,1,HDBSCAN,UMAP
Total (5 Mss + Xi),meat,E. coli,8.066666666666666,9.895068516810834,29.5,15,6.60981,2.9557467,1,HDBSCAN,UMAP
"Total (5 Mss, Xi, And 1 Non-Mss)",meat,E. coli,8.06,9.822481502000544,29.3,15,6.5710897,2.9080098,1,HDBSCAN,UMAP
Total (5 Non-Mss),animal,E. coli,4.786666666666666,6.282500260549898,18.6,15,5.1328216,2.0415819,1,HDBSCAN,UMAP
Total (7 Mss + Xi),meat,E. coli,1.6600000000000001,1.9999285701530156,7.2,15,4.3352885,1.0253823,1,HDBSCAN,UMAP
"Total (7 Mss, Xi, And 2 Non-Mss)",meat,E. coli,1.8800000000000001,2.2281318247741604,7.5,15,4.255996,0.96324927,1,HDBSCAN,UMAP
Total Non-Ms,animal,E. faecalis,12.195512820512823,28.57100221175131,85.96153846153845,12,5.6217284,6.922101,1,HDBSCAN,UMAP
Total Non-Ms,animal,E. faecium,9.469696969696969,17.223124314934598,57.070707070707044,12,5.7428956,3.3458517,1,HDBSCAN,UMAP
Total Non-Ms (4 Non-Mss),meat,E. coli (ESBL/AmpC),3.3000000000000003,1.8681541692269403,5.0,3,18.177015,3.4603126,0,HDBSCAN,UMAP
United Kingdom (NI),animal,C. coli,17.016666666666666,25.00891174494937,64.3,6,2.1081538,10.989125,2,HDBSCAN,UMAP
United Kingdom (NI),animal,C. jejuni,25.683333333333334,32.68262025399228,81.2,6,4.9111295,10.263703,2,HDBSCAN,UMAP
United Kingdom (NI),animal,E. coli,10.74,16.56959564986424,44.4,15,7.689114,3.8273675,1,HDBSCAN,UMAP
United Kingdom (NI),animal,E. coli (ESBL/AmpC),7.764393424036282,2.056291014534728,10.0425,3,17.430866,4.5376663,0,HDBSCAN,UMAP
United Kingdom (NI),animal,S. Derby,16.82,22.604177869209426,57.1,15,7.945174,4.5410757,1,HDBSCAN,UMAP
United Kingdom (NI),animal,S. Enteritidis,0.0,0.0,0.0,15,0.064959444,-2.9749231,-1,HDBSCAN,UMAP
United Kingdom (NI),animal,S. Typhimurium,34.45333333333333,39.067576374911255,100.0,15,8.37235,6.540279,1,HDBSCAN,UMAP
United Kingdom (NI),animal,S. Typhimurium (mono),24.966666666666672,37.00373854986367,95.7,15,7.9881053,6.8197694,1,HDBSCAN,UMAP
United Kingdom (NI),animal,Salmonella spp.,11.606969696969696,19.14437024493881,49.518181818181816,15,6.504257,5.846718,1,HDBSCAN,UMAP
United Kingdom (NI),meat,E. coli,4.055555555555555,6.896107329232652,17.066666666666666,15,5.0015955,1.7711067,1,HDBSCAN,UMAP
United Kingdom (NI),meat,E. coli (ESBL/AmpC),3.03375,0.8476520881234233,3.68375,3,18.14732,3.52014,0,HDBSCAN,UMAP
